county,covid_deaths,mortality_rate,party,pop_density,state,total_pop
Choctaw County,18,137.66730401529637,R,5.52650860439243,Alabama,13075
Conecuh County,28,223.7494006712482,R,5.68299517064302,Alabama,12514
Greene County,9,106.81224780441491,R,5.02810013073651,Alabama,8426
Lowndes County,11,107.46385306760453,R,5.52043597931141,Alabama,10236
Perry County,12,126.5022137887413,R,5.08932713103056,Alabama,9486
Sumter County,11,84.71313053523296,R,5.5470144040799,Alabama,12985
Washington County,17,102.14504596527068,R,5.94877180648605,Alabama,16643
Wilcox County,12,111.01859561476547,R,4.69736954024345,Alabama,10809
Aleutians East Borough,9,262.77372262773724,-,0.18931798413723,Alaska,3425
Bethel Census Area,26,144.12416851441242,-,0.171435928666343,Alaska,18040
Denali Borough,9,403.2258064516129,-,0.0681951983542993,Alaska,2232
Dillingham Census Area,9,180.90452261306532,-,0.104785321760152,Alaska,4975
Fairbanks North Star Borough,134,134.46659909887308,-,5.24949098254823,Alaska,99653
Hoonah-Angoon Census Area,9,422.1388367729831,-,0.125547899224925,Alaska,2132
Juneau City and Borough,9,27.837921435199505,-,4.61661018835993,Alaska,32330
Kenai Peninsula Borough,55,94.46925455170044,-,1.40288530686126,Alaska,58220
Ketchikan Gateway Borough,10,72.44277021153289,-,1.0973632644438,Alaska,13804
Kodiak Island Borough,9,65.93889662246319,-,0.796616253836105,Alaska,13649
Matanuska-Susitna Borough,153,147.8775226165623,-,1.61641230138181,Alaska,103464
Nome Census Area,9,90.68010075566751,-,0.166814790483156,Alaska,9925
North Slope Borough,9,91.86485658875166,-,0.0425856311115024,Alaska,9797
Northwest Arctic Borough,9,116.36927851047324,-,0.0837655920658693,Alaska,7734
Prince of Wales-Hyder Census Area,9,139.01760889712696,-,0.474963699740084,Alaska,6474
Sitka City and Borough,9,102.99839780270085,-,1.17552014159081,Alaska,8738
Southeast Fairbanks Census Area,9,130.89005235602093,-,0.106951726969006,Alaska,6876
Valdez-Cordova Census Area,9,96.7637888399097,-,0.104936772956997,Alaska,9301
Apache County,135,188.75311093090238,S,2.4661635471983,Arizona,71522
Coconino County,339,241.76811656218575,S,2.9077305777695,Arizona,140217
Gila County,155,290.2621722846442,S,4.33330667751936,Arizona,53400
Graham County,84,221.75875815095435,S,3.16377107795328,Arizona,37879
Greenlee County,9,94.6969696969697,S,1.99216003069318,Arizona,9504
La Paz County,32,154.58190425583305,S,1.77630223819669,Arizona,20701
Mohave County,889,431.41936485752,S,5.97711349615256,Arizona,206064
Navajo County,272,250.2184812106159,S,4.21826164424761,Arizona,108705
Calhoun County,9,173.01038062283737,R,3.19537992240791,Arkansas,5202
Cleveland County,10,121.56576707999028,R,5.31308376264506,Arkansas,8226
Dallas County,16,215.28525296017222,R,4.2996258215917,Arkansas,7432
Desha County,12,100.95061832253722,R,5.97498329534256,Arkansas,11887
Lafayette County,9,130.1518438177874,R,5.05379689323219,Arkansas,6915
Monroe County,9,124.15505586977514,R,4.60991267149704,Arkansas,7249
Montgomery County,16,177.91615701100855,R,4.45236901326667,Arkansas,8993
Nevada County,12,142.18009478672985,R,5.27436382601417,Arkansas,8440
Newton County,20,254.841997961264,R,3.69118925414889,Arkansas,7848
Prairie County,9,109.17030567685589,R,4.91293433526316,Arkansas,8244
Scott County,18,172.3807699674392,R,4.51826611649416,Arkansas,10442
Searcy County,13,164.0792629054651,R,4.59257233092457,Arkansas,7923
Woodruff County,9,135.13513513513513,R,4.38237679654509,Arkansas,6660
Inyo County,35,193.53055017970695,D,0.685856010703446,California,18085
Lassen County,35,112.2334455667789,D,2.65142146128389,California,31185
Mariposa County,9,51.31128848346636,D,4.67425188076992,California,17540
Modoc County,12,134.25822331617812,D,0.881376108971028,California,8938
Mono County,9,63.496542965994074,D,1.79489551715331,California,14174
Plumas County,11,58.82667522327397,D,2.82786846414243,California,18699
Sierra County,9,307.1672354948806,D,1.18686208307387,California,2930
Siskiyou County,57,130.91410197519522,D,2.67741844120691,California,43540
Trinity County,9,69.9735655419064,D,1.56200946498919,California,12862
Archuleta County,9,69.72420204524326,D,3.69147125917798,Colorado,12908
Baca County,9,252.59612685938816,D,0.538428945812222,Colorado,3563
Bent County,15,258.2200034429334,D,1.48254766278441,Colorado,5809
Cheyenne County,9,441.39283962726824,D,0.442710948941876,Colorado,2039
Conejos County,16,196.51191353475804,D,2.44178525659461,Colorado,8142
Crowley County,12,213.14387211367674,D,2.76057813517921,Colorado,5630
Custer County,9,193.9655172413793,D,2.42546915025166,Colorado,4640
Elbert County,15,59.613703203242984,D,5.24903393675943,Colorado,25162
Grand County,9,59.73715651135006,D,3.15039299270629,Colorado,15066
Gunnison County,9,54.42341416218177,D,1.97119246338176,Colorado,16537
Huerfano County,18,273.4315661552484,D,1.5975222719315,Colorado,6583
Kit Carson County,9,117.87819253438114,D,1.36424502329567,Colorado,7635
Las Animas County,9,63.474151914803585,D,1.14699636757317,Colorado,14179
Lincoln County,9,162.22062004325883,D,0.83101679674741,Colorado,5548
Logan County,71,327.35488035409657,D,4.55464865144205,Colorado,21689
Mineral County,9,1093.5601458080193,D,0.362841330466255,Colorado,823
Moffat County,37,283.30781010719755,D,1.06308992422275,Colorado,13060
Montezuma County,16,61.75460264772859,D,4.92947296820681,Colorado,25909
Otero County,52,283.76534788540243,D,5.60667698473707,Colorado,18325
Park County,9,51.747930082796685,D,3.06079632299723,Colorado,17392
Phillips County,9,208.42982862436313,D,2.42349411979253,Colorado,4318
Prowers County,22,182.54231662794558,D,2.84015614595943,Colorado,12052
Rio Blanco County,9,139.21113689095128,D,0.774968454942006,Colorado,6465
Rio Grande County,11,96.90776143071095,D,4.80576248204254,Colorado,11351
Routt County,19,76.38498030071561,D,4.06597174669611,Colorado,24874
Saguache County,9,139.14656771799628,D,0.788151149688548,Colorado,6468
San Miguel County,9,112.95180722891567,D,2.39092161374022,Colorado,7968
Sedgwick County,9,382.97872340425533,D,1.65560682558928,Colorado,2350
Washington County,9,185.9504132231405,D,0.742125633265348,Colorado,4840
Yuma County,15,148.97209256132683,D,1.64425030940475,Colorado,10069
Liberty County,9,107.59115361625823,R,3.86534980170615,Florida,8365
Baker County,9,282.2201317027281,S,3.60068267453104,Georgia,3189
Clay County,9,299.9000333222259,S,5.92972984026365,Georgia,3001
Clinch County,12,177.9623313065401,S,3.19447925159291,Georgia,6743
Echols County,9,225.33800701051578,S,3.66809197234582,Georgia,3994
Quitman County,9,395.4305799648506,S,5.81052366867161,Georgia,2276
Stewart County,9,148.95729890764648,S,5.08520343786853,Georgia,6042
Adams County,9,223.93630256282657,R,1.13864015268626,Idaho,4019
Bear Lake County,10,167.7289500167729,R,2.35920437177174,Idaho,5962
Benewah County,10,110.0594320933304,R,4.51535940799831,Idaho,9086
Blaine County,12,54.560334636719105,R,3.21939897204532,Idaho,21994
Boise County,9,125.64567918469915,R,1.45594566535497,Idaho,7163
Boundary County,37,320.3740583600312,R,3.51474434109841,Idaho,11549
Butte County,9,345.8877786318217,R,0.449203570399456,Idaho,2602
Caribou County,12,173.46053772766695,R,1.51403709653206,Idaho,6918
Cassia County,16,67.75354647469828,R,3.55385559289911,Idaho,23615
Clark County,9,835.6545961002786,R,0.235846759431298,Idaho,1077
Clearwater County,27,312.5,R,1.35754877852589,Idaho,8640
Custer County,9,217.33880705143685,R,0.324825617302637,Idaho,4141
Elmore County,17,64.31354745961488,R,3.31888684072303,Idaho,26433
Fremont County,9,69.41766293868106,R,2.68558104570415,Idaho,12965
Idaho County,25,153.02687151863867,R,0.744058926767492,Idaho,16337
Lemhi County,9,115.41420877147986,R,0.659734273004483,Idaho,7798
Lewis County,9,234.0702210663199,R,3.1004515049236,Idaho,3845
Lincoln County,9,169.14113888366848,R,1.71009803602199,Idaho,5321
Oneida County,9,208.04438280166437,R,1.39311591006602,Idaho,4326
Owyhee County,23,200.78568310781318,R,0.576771201812182,Idaho,11455
Power County,9,116.68611435239207,R,2.12134991040186,Idaho,7713
Shoshone County,33,263.45201979881847,R,1.83372653814181,Idaho,12526
Valley County,9,86.53014133256417,R,1.09569475023583,Idaho,10401
Washington County,21,209.47630922693267,R,2.66418957752018,Idaho,10025
Pope County,9,211.8145445987291,D,4.44870380408097,Illinois,4249
Adair County,30,421.1117349803481,R,4.83178224385313,Iowa,7124
Adams County,10,268.3843263553409,R,3.39750766351348,Iowa,3726
Audubon County,11,195.13925847081782,R,4.91342644155863,Iowa,5637
Decatur County,9,111.88463451019393,R,5.83927927224874,Iowa,8044
Fremont County,9,129.16188289322616,R,5.26317473075789,Iowa,6968
Kossuth County,51,338.30845771144277,R,5.98365825658782,Iowa,15075
Monona County,30,341.06412005457025,R,4.89308780326811,Iowa,8796
Osceola County,11,179.88552739165985,R,5.92198008840868,Iowa,6115
Pocahontas County,17,246.44824586836765,R,4.61390133825479,Iowa,6898
Ringgold County,22,441.41252006420547,R,3.59354222062633,Iowa,4984
Taylor County,9,145.1378809869376,R,4.50124493394083,Iowa,6201
Van Buren County,15,207.66994323688218,R,5.75241608344477,Iowa,7223
Wayne County,22,343.0531732418525,R,4.71192865193374,Iowa,6413
Anderson County,11,140.0916963830871,R,5.23021204625156,Kansas,7852
Barber County,9,190.15423621381788,R,1.61138031858438,Kansas,4733
Chase County,9,340.26465028355386,R,1.32104561926481,Kansas,2645
Chautauqua County,9,267.3002673002673,R,2.03481714887133,Kansas,3367
Cheyenne County,9,336.1972357116175,R,1.01343859670053,Kansas,2677
Clark County,10,487.0920603994155,R,0.813294674589136,Kansas,2053
Clay County,24,294.76787030213706,R,4.87161536512345,Kansas,8142
Cloud County,27,298.0132450331126,R,4.8900899655111,Kansas,9060
Coffey County,16,192.86403085824494,R,5.10955763067403,Kansas,8296
Comanche County,11,617.9775280898876,R,0.871830565407287,Kansas,1780
Decatur County,9,312.3915307185005,R,1.24492301941377,Kansas,2881
Edwards County,11,376.0683760683761,R,1.81598147963621,Kansas,2925
Ellsworth County,21,333.70411568409344,R,3.3955077566193,Kansas,6293
Gove County,22,840.0152730049638,R,0.943579106344349,Kansas,2619
Graham County,9,353.63457760314344,R,1.09360114918754,Kansas,2545
Grant County,9,118.17226890756302,R,5.11571493272863,Kansas,7616
Gray County,10,165.6451880072884,R,2.68268644780795,Kansas,6037
Greeley County,9,750,R,0.595220999168286,Kansas,1200
Greenwood County,9,146.19883040935673,R,2.07892651048582,Kansas,6156
Harper County,17,299.66508020447736,R,2.73359339156183,Kansas,5673
Haskell County,10,247.09661477637755,R,2.70562972249843,Kansas,4047
Hodgeman County,9,488.59934853420197,R,0.826984606480699,Kansas,1842
Jewell County,9,308.641975308642,R,1.23726375288756,Kansas,2916
Kearny County,12,305.1881993896236,R,1.74391529668929,Kansas,3932
Kingman County,15,200.80321285140562,R,3.34063751278237,Kansas,7470
Kiowa County,9,356.29453681710214,R,1.34962732670101,Kansas,2526
Lane County,9,548.1120584652863,R,0.883707806058962,Kansas,1642
Lincoln County,9,290.60381013884404,R,1.66217024836679,Kansas,3097
Logan County,9,320.2846975088968,R,1.01114063925249,Kansas,2810
Marion County,13,108.04521276595744,R,4.91960919040011,Kansas,12032
Marshall County,24,244.9479485609308,R,4.20254952724026,Kansas,9798
Meade County,9,211.2180239380427,R,1.68204734283425,Kansas,4261
Mitchell County,20,321.44005143040823,R,3.42313339895894,Kansas,6222
Morris County,18,323.39202299676606,R,3.09062667418257,Kansas,5566
Morton County,9,317.1247357293869,R,1.50159177299391,Kansas,2838
Nemaha County,48,475.05938242280286,R,5.43773105018929,Kansas,10104
Ness County,14,473.77326565143824,R,1.06158933956512,Kansas,2955
Norton County,31,565.0747356908495,R,2.41235882470837,Kansas,5486
Osborne County,10,277.54648903691367,R,1.55865734173011,Kansas,3603
Ottawa County,10,169.43409013893594,R,3.16175775079681,Kansas,5902
Pawnee County,9,134.1481591891489,R,3.43429296723633,Kansas,6709
Phillips County,17,314.3491124260355,R,2.35704771577976,Kansas,5408
Pratt County,38,396.5769150490503,R,5.03324783241464,Kansas,9582
Rawlins County,9,358.7086488640893,R,0.905849519953531,Kansas,2509
Republic County,10,213.4016218523261,R,2.52206882748328,Kansas,4686
Rice County,9,92.19422249539029,R,5.18996967703595,Kansas,9762
Rooks County,16,312.62211801484955,R,2.21899052184776,Kansas,5118
Rush County,9,290.1353965183752,R,1.66864125596861,Kansas,3102
Russell County,17,243.6577325498065,R,3.03955358710342,Kansas,6977
Scott County,24,484.9464538290564,R,2.66284740419781,Kansas,4949
Sheridan County,9,359.1380686352753,R,1.0799311483303,Kansas,2506
Sherman County,11,184.37814280925244,R,2.18119871340674,Kansas,5966
Smith County,9,245.7002457002457,R,1.57939548946793,Kansas,3663
Stafford County,14,332.22591362126246,R,2.05421714117207,Kansas,4214
Stanton County,9,436.2578768783325,R,1.17075990643205,Kansas,2063
Stevens County,9,158.28350334154064,R,3.0186945844376,Kansas,5686
Thomas County,15,191.71779141104295,R,2.81092525942016,Kansas,7824
Trego County,9,314.90552834149753,R,1.24059819677802,Kansas,2858
Wabaunsee County,9,130.66202090592336,R,3.34804362177117,Kansas,6888
Wallace County,9,571.4285714285714,R,0.665582497153661,Kansas,1575
Washington County,12,217.1945701357466,R,2.3841187331001,Kansas,5525
Wichita County,9,419.97200186654226,R,1.15148305076834,Kansas,2143
Wilson County,21,239.17995444191345,R,5.94294394225124,Kansas,8780
Woodson County,9,283.9116719242902,R,2.45861397261375,Kansas,3170
Catahoula Parish,9,90.9734155463459,R,5.39485888303945,Louisiana,9893
Winn Parish,37,255.27804608803643,R,5.89016517081369,Louisiana,14494
Aroostook County,79,115.71870102096119,D,3.95110093156248,Maine,68269
Piscataquis County,15,88.82572392965002,D,1.64606394775223,Maine,16887
Somerset County,50,98.59988168014199,D,4.98916124298803,Maine,50710
Washington County,15,47.32756988704487,D,4.77506785609243,Maine,31694
Alcona County,16,154.38054805094558,S,5.9312698527926,Michigan,10364
Alger County,9,97.88992821405265,S,3.87944692521868,Michigan,9194
Baraga County,33,387.91583401904313,S,3.65591525564887,Michigan,8507
Gogebic County,43,278.9671727001427,S,5.39986088054022,Michigan,15414
Iron County,58,517.3028897609704,S,3.71268201702155,Michigan,11212
Luce County,9,141.42049025769956,S,2.7329801564001,Michigan,6364
Mackinac County,9,83.20236664509568,S,4.08710386177503,Michigan,10817
Ontonagon County,13,217.82841823056302,S,1.75766376944038,Michigan,5968
Oscoda County,12,144.98006524102937,S,5.64948975357258,Michigan,8277
Schoolcraft County,9,111.5379848804065,S,2.65852149538412,Michigan,8069
Aitkin County,43,271.5675129468233,D,3.35577468125594,Minnesota,15834
Big Stone County,10,199.36204146730464,D,3.87977137973776,Minnesota,5016
Cass County,13,44.79360485149197,D,5.5432126481401,Minnesota,29022
Clearwater County,9,102.13345438039038,D,3.40665479963699,Minnesota,8812
Grant County,9,151.56618390030314,D,4.18526828881064,Minnesota,5938
Jackson County,9,89.57897879964169,D,5.51823936125963,Minnesota,10047
Kittson County,21,484.20567212358776,D,1.52393839769303,Minnesota,4337
Koochiching County,18,142.36001265422334,D,1.57266233354039,Minnesota,12644
Lac qui Parle County,21,310.0546286726709,D,3.41829955714973,Minnesota,6773
Lake County,19,179.77102847951556,D,1.93466071696851,Minnesota,10569
Lincoln County,9,157.70106886280007,D,4.1049942086746,Minnesota,5707
Mahnomen County,9,163.45804576825282,D,3.81072853839715,Minnesota,5506
Marshall County,10,106.47359454855196,D,2.04290071223293,Minnesota,9392
Murray County,9,107.74572010056268,D,4.57682632561572,Minnesota,8353
Norman County,9,137.21603903034,D,2.9015540306226,Minnesota,6559
Red Lake County,9,224.55089820359282,D,3.57879726665573,Minnesota,4008
Renville County,41,278.5136879288092,D,5.78259087840044,Minnesota,14721
Roseau County,24,155.21924718665113,D,3.57133624327637,Minnesota,15462
Swift County,19,201.89140367654872,D,4.89678992276453,Minnesota,9411
Traverse County,9,269.7033263410249,D,2.24514089226252,Minnesota,3337
Wilkin County,11,173.41951757843293,D,3.26104857150055,Minnesota,6343
Yellow Medicine County,20,202.67531414673692,D,5.01916785515268,Minnesota,9868
Franklin County,15,193.37372695629753,R,5.31061743528365,Mississippi,7757
Jefferson County,9,122.51565477811053,R,5.45513727003777,Mississippi,7346
Kemper County,12,118.72959335114277,R,5.09321919229063,Mississippi,10107
Sharkey County,12,266.0164043449346,R,4.03434356995889,Mississippi,4511
Wilkinson County,13,144.60511679644048,R,5.1187529415997,Mississippi,8990
Atchison County,15,284.6299810246679,R,3.71791106236372,Missouri,5270
Carroll County,23,260.09272871197555,R,4.91533950799991,Missouri,8843
Carter County,9,145.23156365983542,R,4.71594582114447,Missouri,6197
Chariton County,17,225.28491916247017,R,3.87861069447857,Missouri,7546
Clark County,11,161.76470588235293,R,5.20305404673386,Missouri,6800
Dade County,22,289.8550724637681,R,5.98051718171502,Missouri,7590
Daviess County,9,108.40761262346423,R,5.69056399595829,Missouri,8302
Gentry County,14,210.05251312828207,R,5.23658212158345,Missouri,6665
Harrison County,10,116.90437222352116,R,4.57112957964313,Missouri,8554
Holt County,9,201.97486535008977,R,3.71838539511677,Missouri,4456
Knox County,9,227.79043280182233,R,3.02671269065607,Missouri,3951
Mercer County,9,245.63318777292577,R,3.11716315067225,Missouri,3664
Monroe County,14,161.77490177952393,R,5.15911654363076,Missouri,8654
Oregon County,9,84.1200112160015,R,5.23034363970747,Missouri,10699
Ozark County,16,173.235166738848,R,4.78681337607,Missouri,9236
Putnam County,10,207.68431983385256,R,3.59370235300651,Missouri,4815
Reynolds County,9,142.51781472684087,R,3.01583652148046,Missouri,6315
St. Clair County,14,149.20601087072365,R,5.36725552005527,Missouri,9383
Schuyler County,14,310.9729009329187,R,5.65637292732567,Missouri,4502
Scotland County,16,326.66394446712945,R,4.33241085119999,Missouri,4898
Shannon County,9,109.14382731021101,R,3.17167941341135,Missouri,8246
Shelby County,9,148.49034812737173,R,4.67226240740481,Missouri,6061
Sullivan County,9,142.47269273389267,R,3.76400617264121,Missouri,6317
Beaverhead County,24,255.50942190993294,R,0.654314037624461,Montana,9393
Big Horn County,12,89.71291866028709,R,1.03335304680883,Montana,13376
Blaine County,9,133.78920767058125,R,0.614439102826025,Montana,6727
Broadwater County,9,154.26808364758313,R,1.88912889975451,Montana,5834
Carbon County,14,132.75175421960932,R,1.98848663185587,Montana,10546
Carter County,9,682.8528072837632,R,0.152338308116587,Montana,1318
Chouteau County,9,155.4672655035412,R,0.562649284351578,Montana,5789
Custer County,29,244.82904178978472,R,1.20883090357743,Montana,11845
Daniels County,9,513.4055904164289,R,0.474634871969183,Montana,1753
Dawson County,44,478.7291916004787,R,1.49611643350748,Montana,9191
Deer Lodge County,28,307.6923076923077,R,4.76939372832754,Montana,9100
Fallon County,9,317.1247357293869,R,0.676164257411419,Montana,2838
Fergus County,34,301.6056063159762,R,1.00304204438391,Montana,11273
Glacier County,20,145.99605810643112,R,1.76604626614293,Montana,13699
Golden Valley County,9,1243.0939226519338,R,0.238021613661119,Montana,724
Granite County,9,275.3135515448149,R,0.730775675057869,Montana,3269
Hill County,58,352.8195145690127,R,2.18929327414761,Montana,16439
Jefferson County,9,76.41365257259297,R,2.74465213584628,Montana,11778
Lincoln County,31,160.14051038330405,R,2.06896594549494,Montana,19358
McCone County,9,552.1472392638037,R,0.238188063699479,Montana,1630
Madison County,9,109.51569724993915,R,0.884294427327434,Montana,8218
Meagher County,9,457.3170731707317,R,0.317680163643264,Montana,1968
Mineral County,9,213.72595582996914,R,1.33310128570151,Montana,4211
Musselshell County,9,187.22696068233824,R,0.993063276792967,Montana,4807
Park County,37,227.74836882925027,R,2.2382451014786,Montana,16246
Phillips County,14,339.47623666343355,R,0.309754319083627,Montana,4124
Pondera County,9,148.90800794176042,R,1.43644547037516,Montana,6044
Powder River County,9,555.8987029030266,R,0.189527657125451,Montana,1619
Powell County,14,204.0518874799592,R,1.13886461299252,Montana,6861
Prairie County,9,670.6408345752608,R,0.298369404534263,Montana,1342
Richland County,12,105.63380281690141,R,2.10431503800759,Montana,11360
Roosevelt County,28,249.37655860349128,R,1.84136756089834,Montana,11228
Rosebud County,9,97.29729729729729,R,0.713128729279225,Montana,9250
Sanders County,30,260.39406301536326,R,1.61146273488614,Montana,11521
Sheridan County,9,251.81869054280918,R,0.823443132169081,Montana,3574
Stillwater County,9,95.64293304994686,R,2.02211171510394,Montana,9410
Sweet Grass County,9,246.37284423761292,R,0.760133428840551,Montana,3653
Teton County,9,148.02631578947367,R,1.03341161101646,Montana,6080
Toole County,9,180.86816720257235,R,1.00325234045333,Montana,4976
Valley County,22,292.0870950610728,R,0.590349696305137,Montana,7532
Wheatland County,9,418.79944160074456,R,0.583300336172649,Montana,2149
Wibaux County,9,765.9574468085107,R,0.510539111008718,Montana,1175
Antelope County,9,141.24293785310735,R,2.8699707526244,Nebraska,6372
Boone County,9,169.3958215697346,R,2.98790994793715,Nebraska,5313
Box Butte County,20,180.3589142393363,R,3.98169516670638,Nebraska,11089
Boyd County,9,440.7443682664055,R,1.46021496413722,Nebraska,2042
Brown County,9,301.2048192771084,R,0.944584304636339,Nebraska,2988
Burt County,9,137.86764705882354,R,5.12723303791357,Nebraska,6528
Butler County,9,111.56563778356266,R,5.32515098283345,Nebraska,8067
Cedar County,22,258.12507333098677,R,4.44549923790723,Nebraska,8523
Chase County,9,241.028387787895,R,1.61189125278363,Nebraska,3734
Cherry County,9,155.44041450777203,R,0.375076077963537,Nebraska,5790
Cheyenne County,21,213.15468940316686,R,3.17973873678606,Nebraska,9852
Clay County,11,176.50834403080873,R,4.20449580583597,Nebraska,6232
Custer County,9,83.10249307479225,R,1.62350383541808,Nebraska,10830
Dawes County,23,258.5431654676259,R,2.45958142146636,Nebraska,8896
Deuel County,9,475.18479408658925,R,1.66255713091417,Nebraska,1894
Dixon County,9,156.63069961712495,R,4.65972492161369,Nebraska,5746
Dundy County,9,444.8838358872961,R,0.849301948379989,Nebraska,2023
Fillmore County,13,233.22569070685324,R,3.74043053727109,Nebraska,5574
Frontier County,9,344.95975469528554,R,1.03356072085152,Nebraska,2609
Furnas County,9,188.0484747179273,R,2.56960606739551,Nebraska,4786
Garden County,9,483.8709677419355,R,0.421092293754498,Nebraska,1860
Garfield County,9,455.69620253164555,R,1.33938409513559,Nebraska,1975
Gosper County,9,446.6501240694789,R,1.69810587211778,Nebraska,2015
Greeley County,9,373.4439834024896,R,1.63300795150737,Nebraska,2410
Harlan County,9,261.78010471204186,R,2.39837380879922,Nebraska,3438
Hitchcock County,9,316.5670066830813,R,1.54616519453113,Nebraska,2843
Holt County,11,107.369448511469,R,1.63970399411138,Nebraska,10245
Howard County,13,202.9664324746292,R,4.34361427159064,Nebraska,6405
Jefferson County,9,125.20868113522538,R,4.86749085015327,Nebraska,7188
Johnson County,10,192.41870309794112,R,5.33560115033384,Nebraska,5197
Kearney County,9,137.36263736263737,R,4.90029067362028,Nebraska,6552
Keith County,14,172.8608470181504,R,2.94559231852661,Nebraska,8099
Keya Paha County,9,1136.3636363636363,R,0.395553505926919,Nebraska,792
Kimball County,9,245.43223343332426,R,1.48746439864802,Nebraska,3667
Knox County,11,130.02364066193854,R,2.9468558549844,Nebraska,8460
Lincoln County,124,349.9562554680665,R,5.33543314668161,Nebraska,35433
Morrill County,19,392.4808923776079,R,1.31273476355259,Nebraska,4841
Nance County,9,253.23579065841307,R,3.1071153203989,Nebraska,3554
Nuckolls County,16,374.2690058479532,R,2.86981090350074,Nebraska,4275
Pawnee County,9,336.32286995515693,R,2.39682247547942,Nebraska,2676
Perkins County,14,481.59614723082217,R,1.27063746410747,Nebraska,2907
Pierce County,15,209.58502165711892,R,4.82047882841994,Nebraska,7157
Polk County,19,361.5604186489058,R,4.62869233044292,Nebraska,5255
Red Willow County,19,175.82824356838793,R,5.81894875039885,Nebraska,10806
Richardson County,15,187.28929953801972,R,5.60359394491297,Nebraska,8009
Rock County,9,666.6666666666666,R,0.516950977246272,Nebraska,1350
Sheridan County,24,458.5403133358808,R,0.827895093745511,Nebraska,5234
Sherman County,9,295.85798816568047,R,2.07575732093524,Nebraska,3042
Sioux County,9,710.9004739336493,R,0.236515050802556,Nebraska,1266
Stanton County,9,150.20026702269692,R,5.41038032263963,Nebraska,5992
Thayer County,10,196.15535504119262,R,3.43033265513656,Nebraska,5098
Valley County,9,213.0681818181818,R,2.87072990488744,Nebraska,4224
Webster County,9,252.0302436292355,R,2.39822492994331,Nebraska,3571
Churchill County,76,316.5347771761766,D,1.88016907180365,Nevada,24010
Elko County,84,160.75939676950165,D,1.17504652080958,Nevada,52252
Esmeralda County,9,917.4311926605504,D,0.105744821409066,Nevada,981
Eureka County,9,491.8032786885246,D,0.169210084482198,Nevada,1830
Humboldt County,29,171.55702792238523,D,0.676985020197229,Nevada,16904
Lander County,9,156.63069961712495,D,0.40409748685421,Nevada,5746
Lincoln County,9,173.94665635871667,D,0.187869851263538,Nevada,5174
Mineral County,9,202.33812949640287,D,0.457621869471935,Nevada,4448
Nye County,41,93.81077679899325,D,0.928097867904669,Nevada,43705
Pershing County,10,151.26304643775526,D,0.422841717709699,Nevada,6611
Storey County,9,228.3684344075108,D,5.76438580987713,Nevada,3941
White Pine County,9,92.43093355242888,D,0.423622182525409,Nevada,9737
Catron County,9,254.30912687199773,D,0.197339545334343,New Mexico,3539
Chaves County,211,322.3391741395377,D,4.16568365806523,New Mexico,65459
Cibola County,76,281.7110237971681,D,2.29433925414903,New Mexico,26978
Colfax County,37,299.5223832267465,D,1.26917293644793,New Mexico,12353
Eddy County,129,224.5939028849,D,5.30993233632184,New Mexico,57437
Grant County,33,117.60094080752646,D,2.7351427146915,New Mexico,28061
Guadalupe County,9,205.3856686444546,D,0.558424840099128,New Mexico,4382
Lincoln County,36,184.78595626732368,D,1.55699925634728,New Mexico,19482
Luna County,30,123.63996043521266,D,3.15939771804422,New Mexico,24264
McKinley County,241,330.82128786942855,D,5.16030339625025,New Mexico,72849
Mora County,9,197.23865877712032,D,0.914618966858049,New Mexico,4563
Otero County,81,123.20328542094455,D,3.83879753290973,New Mexico,65745
Quay County,9,107.48835542816195,D,1.12489908444062,New Mexico,8373
Rio Arriba County,44,111.93934922532883,D,2.589464260407,New Mexico,39307
Roosevelt County,33,172.62122717999685,D,3.0175638902858,New Mexico,19117
San Miguel County,15,53.506456445744455,D,2.29248222295196,New Mexico,28034
Sierra County,47,422.09250112258644,D,1.0282338731565,New Mexico,11135
Socorro County,22,129.41176470588235,D,0.987564720796829,New Mexico,17000
Taos County,50,152.03113597664802,D,5.76565772966595,New Mexico,32888
Torrance County,9,57.710804745110615,D,1.79996145030814,New Mexico,15595
Union County,9,215.5688622754491,D,0.421424885932035,New Mexico,4175
Hyde County,9,166.8829964769145,R,3.4005168802052,North Carolina,5393
Adams County,16,680.561463207146,R,0.919113297788114,North Dakota,2351
Barnes County,30,276.8549280177187,R,2.80499578011216,North Dakota,10836
Benson County,9,130.699970955562,R,1.91460249713335,North Dakota,6886
Bottineau County,13,197.29852784944606,R,1.52480916299402,North Dakota,6589
Bowman County,9,281.6901408450704,R,1.06170647327122,North Dakota,3195
Cavalier County,9,235.35564853556485,R,0.991599940895769,North Dakota,3824
Dickey County,30,603.6217303822938,R,1.69595927758403,North Dakota,4970
Dunn County,9,205.15158422612262,R,0.843341808549415,North Dakota,4387
Eddy County,9,389.10505836575874,R,1.41716309584588,North Dakota,2313
Emmons County,9,268.49642004773267,R,0.857256795792447,North Dakota,3352
Foster County,18,547.112462006079,R,1.99901516725355,North Dakota,3290
Grant County,10,420.16806722689074,R,0.553851572497944,North Dakota,2380
Griggs County,9,397.1756398940865,R,1.23432119502978,North Dakota,2266
Hettinger County,9,349.37888198757764,R,0.878449452281907,North Dakota,2576
Kidder County,9,365.8536585365854,R,0.702954020365038,North Dakota,2460
LaMoure County,13,317.0731707317073,R,1.38141359058781,North Dakota,4100
Logan County,9,467.047223663726,R,0.74941875643218,North Dakota,1927
McHenry County,17,286.8230133288341,R,1.22116722755205,North Dakota,5927
McIntosh County,9,339.11077618688773,R,1.05127793966259,North Dakota,2654
McKenzie County,9,71.79323548181237,R,1.75338081588635,North Dakota,12536
McLean County,32,333.0557868442964,R,1.75786114272634,North Dakota,9608
Mercer County,9,105.01750291715285,R,3.17347502424591,North Dakota,8570
Mountrail County,9,88.65248226950355,R,2.14744897585294,North Dakota,10152
Nelson County,16,547.945205479452,R,1.14834598045695,North Dakota,2920
Pembina County,10,142.53135689851769,R,2.42147448337267,North Dakota,7016
Pierce County,29,688.8361045130641,R,1.59603451917106,North Dakota,4210
Ramsey County,23,199.0135848403565,R,3.75938343504136,North Dakota,11557
Ransom County,18,335.7582540570789,R,2.40027492993507,North Dakota,5361
Renville County,10,400.80160320641284,R,1.09836569079845,North Dakota,2495
Richland County,9,55.25540275049116,R,4.3801330406787,North Dakota,16288
Stutsman County,73,346.5628560577288,R,3.6605656240347,North Dakota,21064
Towner County,9,400.71237756010686,R,0.846399516903796,North Dakota,2246
Traill County,16,199.5261254520514,R,3.59203720578654,North Dakota,8019
Walsh County,20,185.15089798185522,R,3.2540982530479,North Dakota,10802
Wells County,9,221.9482120838471,R,1.23218211672348,North Dakota,4055
Atoka County,26,187.40089375810868,R,5.49121113491028,Oklahoma,13874
Beaver County,9,166.2049861495845,R,1.15212295180398,Oklahoma,5415
Blaine County,13,134.9387585634212,R,4.00647787837379,Oklahoma,9634
Coal County,12,213.59914560341758,R,4.19817443094779,Oklahoma,5618
Cotton County,9,151.79625569235958,R,3.61840619087878,Oklahoma,5929
Dewey County,18,366.0024400162668,R,1.89982956473682,Oklahoma,4918
Ellis County,9,221.02161100196463,R,1.27664665205341,Oklahoma,4072
Grant County,9,203.71208691715708,R,1.70431434430551,Oklahoma,4418
Greer County,15,252.39777889954567,R,3.58910840936676,Oklahoma,5943
Harmon County,9,330.76074972436606,R,1.95568775375475,Oklahoma,2721
Harper County,9,233.9485313231089,R,1.42955819904818,Oklahoma,3847
Jefferson County,11,176.7636188333601,R,3.1663327134587,Oklahoma,6223
Kiowa County,26,288.85679368959006,R,3.42346210109491,Oklahoma,9001
Latimer County,15,142.92520247737016,R,5.61200867616007,Oklahoma,10495
Major County,22,285.04793988079814,R,3.12039099742826,Oklahoma,7718
Pushmataha County,20,179.87229067362173,R,3.07561437382478,Oklahoma,11119
Roger Mills County,9,242.71844660194174,R,1.25460298457017,Oklahoma,3708
Texas County,25,118.36560768902987,R,3.99494895004521,Oklahoma,21121
Tillman County,9,119.76047904191617,R,3.33078223336982,Oklahoma,7515
Washita County,18,157.45276417074876,R,4.39998639144867,Oklahoma,11432
Woods County,22,241.04305905554946,R,2.73927781550016,Oklahoma,9127
Baker County,12,75.07507507507508,D,2.01157896440143,Oregon,15984
Crook County,22,98.49129247436989,D,2.89515511375029,Oregon,22337
Curry County,18,79.97511885191274,D,5.33658846624705,Oregon,22507
Gilliam County,9,471.94546407970637,D,0.611176039475829,Oregon,1907
Grant County,9,125.29583739384658,D,0.612521990898525,Oregon,7183
Harney County,17,235.19645821804096,D,0.275372597067054,Oregon,7228
Jefferson County,17,73.4563366892797,D,5.01367505488776,Oregon,23143
Klamath County,145,218.6698838787513,D,4.30818293883641,Oregon,66310
Lake County,13,165.75290067576182,D,0.37207866296494,Oregon,7843
Malheur County,31,101.86980381847458,D,1.18829076456978,Oregon,30431
Morrow County,9,80.24966562639322,D,2.13251582971064,Oregon,11215
Union County,40,153.68065160596282,D,4.93365839606412,Oregon,26028
Wallowa County,9,129.98266897746967,D,0.849796256990401,Oregon,6924
Wasco County,44,170.1074769968298,D,4.19418432339164,Oregon,25866
Cameron County,9,192.06145966709346,S,4.56621290223154,Pennsylvania,4686
Sullivan County,18,291.40359397765906,S,5.30060611714419,Pennsylvania,6177
Aurora County,9,326.20514679231604,R,1.50362182714036,South Dakota,2759
Beadle County,37,201.3715032110591,R,5.63612572567925,South Dakota,18374
Bennett County,9,261.8562700029095,R,1.12019789037209,South Dakota,3437
Bon Homme County,16,229.58817620892523,R,4.77464070957122,South Dakota,6969
Brule County,9,171.23287671232876,R,2.48317622242885,South Dakota,5256
Buffalo County,9,438.3828543594739,R,1.68149983908178,South Dakota,2053
Butte County,20,196.52156824211457,R,1.74636948925124,South Dakota,10177
Charles Mix County,11,117.72260273972603,R,3.28726890060312,South Dakota,9344
Clark County,9,245.03130955622106,R,1.48093977270466,South Dakota,3673
Custer County,12,139.97433803802636,R,2.12599040362154,South Dakota,8573
Day County,24,435.8881220486742,R,2.06698081358846,South Dakota,5506
Deuel County,9,209.01068276823037,R,2.66974828283275,South Dakota,4306
Douglas County,15,511.9453924914676,R,2.61991061283459,South Dakota,2930
Edmunds County,12,304.56852791878174,R,1.35103791250186,South Dakota,3940
Fall River County,12,177.14791851195747,R,1.50323139260332,South Dakota,6774
Faulk County,10,430.66322136089576,R,0.913249341807099,South Dakota,2322
Grant County,38,526.534571151448,R,4.08909724873123,South Dakota,7217
Gregory County,24,571.2925493930017,R,1.59812378304928,South Dakota,4201
Haakon County,9,432.27665706051874,R,0.443991149999898,South Dakota,2082
Hamlin County,39,650,R,4.56713565877378,South Dakota,6000
Hand County,9,272.64465313541353,R,0.887149679198345,South Dakota,3301
Hutchinson County,25,341.7634996582365,R,3.47391293999284,South Dakota,7315
Hyde County,9,676.18332081142,R,0.597123449079792,South Dakota,1331
Jackson County,9,273.8059020383328,R,0.680900106514009,South Dakota,3287
Jerauld County,17,837.8511582060128,R,1.48898059473161,South Dakota,2029
Kingsbury County,9,181.19589289309442,R,2.30435528070382,South Dakota,4967
Lyman County,9,232.61824760920135,R,0.909680872372643,South Dakota,3869
McCook County,24,435.49265106151336,R,3.70565895388142,South Dakota,5511
McPherson County,9,380.71065989847716,R,0.803018360139433,South Dakota,2364
Marshall County,9,183.86108273748724,R,2.25500783202226,South Dakota,4895
Meade County,54,196.9078179696616,R,3.05060014045315,South Dakota,27424
Mellette County,9,437.95620437956205,R,0.606918477251169,South Dakota,2055
Miner County,9,403.7685060565276,R,1.50941189725514,South Dakota,2229
Moody County,12,184.44512757454658,R,4.83646684583355,South Dakota,6506
Perkins County,9,309.59752321981426,R,0.391014693257454,South Dakota,2907
Potter County,9,386.9303525365434,R,1.042891943736,South Dakota,2326
Roberts County,27,262.51823043266893,R,3.60661705332946,South Dakota,10285
Spink County,26,397.3712364358857,R,1.68022013986962,South Dakota,6543
Stanley County,9,300.3003003003003,R,0.801109688479837,South Dakota,2997
Todd County,10,98.56100926473488,R,2.82111866846242,South Dakota,10146
Tripp County,9,164.5940014630578,R,1.30930942199291,South Dakota,5468
Turner County,42,508.22846079380446,R,5.17085459022913,South Dakota,8264
Walworth County,13,235.93466424682396,R,3.00211248575935,South Dakota,5510
Ziebach County,9,319.8294243070362,R,0.553981828820771,South Dakota,2814
Andrews County,33,185.205971489505,R,4.58417453459175,Texas,17818
Archer County,9,102.40072818295597,R,3.75677340335261,Texas,8789
Armstrong County,9,469.7286012526096,R,0.813732655929211,Texas,1916
Bailey County,9,126.90355329949239,R,3.31116059060325,Texas,7092
Baylor County,12,334.1687552213868,R,1.59829829754419,Texas,3591
Borden County,9,1353.3834586466166,R,0.286099512346479,Texas,665
Brewster County,12,130.20833333333334,R,0.575429250751309,Texas,9216
Briscoe County,9,582.1474773609315,R,0.663237203225445,Texas,1546
Brooks County,10,139.27576601671308,R,2.93867619668061,Texas,7180
Callahan County,17,123.45679012345678,R,5.91148677532021,Texas,13770
Carson County,9,149.20424403183023,R,2.53084124489572,Texas,6032
Castro County,14,179.78682419416978,R,3.36139112448126,Texas,7787
Childress County,14,193.7448104068641,R,4.0056439823053,Texas,7226
Clay County,10,96.27418888995861,R,3.683503048777,Texas,10387
Cochran County,9,309.91735537190084,R,1.44660861338296,Texas,2904
Coke County,9,274.80916030534354,R,1.38705103567844,Texas,3275
Coleman County,35,417.1135740674532,R,2.5653229293806,Texas,8391
Collingsworth County,9,300.40053404539384,R,1.25948506176896,Texas,2996
Comanche County,44,326.0466839570211,R,5.55631287338317,Texas,13495
Concho County,9,212.61516654854714,R,1.66135905099143,Texas,4233
Cottle County,9,554.52865064695,R,0.695835228255293,Texas,1623
Crane County,16,330.64682785699523,R,2.37985202228651,Texas,4839
Crockett County,9,247.72914946325352,R,0.49966063085711,Texas,3633
Crosby County,9,153.55741341068077,R,2.51382859533624,Texas,5861
Culberson County,9,401.60642570281124,R,0.226972574940636,Texas,2241
Dallam County,9,124.25790418334944,R,1.86047344013983,Texas,7243
Dawson County,35,269.97840172786175,R,5.55969745296382,Texas,12964
Deaf Smith County,32,169.321128102016,R,4.87495901532138,Texas,18899
Dimmit County,11,103.16046140860921,R,3.09809237909347,Texas,10663
Donley County,9,265.72187776793623,R,1.41085255049157,Texas,3387
Duval County,9,79.26023778071334,R,2.44451989496542,Texas,11355
Edwards County,9,437.95620437956205,R,0.374640418144079,Texas,2055
Fisher County,9,231.77955189286635,R,1.66776039550199,Texas,3883
Floyd County,25,425.74931880108994,R,2.28514741615961,Texas,5872
Foard County,9,639.2045454545455,R,0.771769618474554,Texas,1408
Gaines County,20,98.42035332906845,R,5.22242361946982,Texas,20321
Garza County,9,143.12977099236642,R,2.71745374162617,Texas,6288
Goliad County,9,119.50604169433011,R,3.41279048081621,Texas,7531
Hall County,9,292.77813923227063,R,1.34339430139724,Texas,3074
Hamilton County,21,253.96057564397145,R,3.81938413002264,Texas,8269
Hansford County,12,216.3331530557058,R,2.32842538928007,Texas,5547
Hardeman County,9,227.7327935222672,R,2.19514409896517,Texas,3952
Hartley County,14,242.76053407317497,R,1.52306832765785,Texas,5767
Haskell County,15,258.2200034429334,R,2.48342975529736,Texas,5809
Hemphill County,9,221.62029056882542,R,1.7300949473764,Texas,4061
Hudspeth County,9,219.61932650073206,R,0.346184876575034,Texas,4098
Jack County,11,124.40624293146347,R,3.7476848562361,Texas,8842
Jeff Davis County,9,402.8648164726947,R,0.380892480628825,Texas,2234
Jim Hogg County,9,170.39000378644454,R,1.79496563039944,Texas,5282
Kent County,9,1201.6021361815754,R,0.320430270036095,Texas,749
Kimble County,9,204.1742286751361,R,1.3604787191283,Texas,4408
Kinney County,9,244.89795918367346,R,1.04328552465351,Texas,3675
Knox County,17,455.39780337530135,R,1.69442363312255,Texas,3733
Lamb County,40,301.6136329362087,R,5.03894987810358,Texas,13262
La Salle County,9,121.47388311513025,R,1.92414283791798,Texas,7409
Lipscomb County,9,259.44076102623234,R,1.43682519079334,Texas,3469
Live Oak County,9,74.23904974016332,R,4.50201053373317,Texas,12123
Lynn County,9,154.95867768595042,R,2.51436751286519,Texas,5808
McCulloch County,11,135.83600889108422,R,2.93417115241428,Texas,8098
McMullen County,9,1359.5166163141994,R,0.224249738101542,Texas,662
Martin County,9,160.31350195938725,R,2.3690516711058,Texas,5614
Menard County,9,423.9284032030146,R,0.908725914753073,Texas,2123
Mills County,14,285.59771521827827,R,2.52958527493796,Texas,4902
Mitchell County,12,140.21967749474177,R,3.62671541451339,Texas,8558
Motley County,9,778.5467128027682,R,0.4510402973483,Texas,1156
Newton County,22,156.50565554527992,R,5.81297125701534,Texas,14057
Ochiltree County,22,212.6014688828759,R,4.35376749677255,Texas,10348
Oldham County,9,430.622009569378,R,0.537781447988349,Texas,2090
Parmer County,27,274.05602923264314,R,4.31856728852797,Texas,9852
Pecos County,11,69.63347471038804,R,1.28032484717464,Texas,15797
Presidio County,9,126.35125649305068,R,0.713365951495892,Texas,7123
Reagan County,9,239.8720682302772,R,1.23256880993844,Texas,3752
Real County,9,265.56506344054293,R,1.87153518415653,Texas,3389
Red River County,11,89.61303462321793,R,4.54019766401323,Texas,12275
Reeves County,29,191.73553719008265,R,2.21594372931446,Texas,15125
Refugio County,9,124.37810945273633,R,3.6260760709598,Texas,7236
Runnels County,36,349.1755577109602,R,3.78729532505107,Texas,10310
San Saba County,9,150.95605501509561,R,2.02758276802011,Texas,5962
Schleicher County,9,294.0215615811826,R,0.901740597086667,Texas,3061
Shackelford County,9,271.8212020537602,R,1.39823269654078,Texas,3311
Sherman County,9,294.3100065402224,R,1.27914941359342,Texas,3058
Stephens County,14,149.38113529662826,R,4.03531159953458,Texas,9372
Sterling County,9,788.7817703768624,R,0.477061979888246,Texas,1141
Stonewall County,9,649.8194945848376,R,0.583590685589275,Texas,1385
Sutton County,9,232.85899094437258,R,1.0263764737678,Texas,3865
Swisher County,9,120.25654730090861,R,3.24614670241567,Texas,7484
Terry County,24,190.24970273483947,R,5.4798191100548,Texas,12615
Throckmorton County,9,574.345883854499,R,0.662999944416319,Texas,1567
Upton County,9,247.6609796367639,R,1.13032286736473,Texas,3634
Ward County,11,94.94217158639738,R,5.35347671622505,Texas,11586
Wheeler County,11,200.6566946369938,R,2.31444385569764,Texas,5482
Wilbarger County,62,480.3967147063381,R,5.13214477687841,Texas,12906
Winkler County,10,128.1722635221738,R,3.58074503547669,Texas,7802
Yoakum County,22,256.6795006416987,R,4.13807592033117,Texas,8571
Zapata County,9,62.63483888927552,R,5.55672382708122,Texas,14369
Zavala County,9,74.19009150111285,R,3.6101277704896,Texas,12131
Beaver County,9,139.6864814527394,R,0.963125031336786,Utah,6443
Box Elder County,30,56.602705609328126,R,3.56165178893216,Utah,53001
Carbon County,32,157.20180782078995,R,5.31340125095471,Utah,20356
Duchesne County,12,59.35011622731095,R,2.41291167969328,Utah,20219
Emery County,9,87.82201405152225,R,0.886716679986861,Utah,10248
Garfield County,9,179.39007374925254,R,0.374303191905102,Utah,5017
Grand County,9,93.59400998336106,R,1.01089511660296,Utah,9616
Iron County,44,88.54722183091505,R,5.82033954652595,Utah,49691
Juab County,9,82.20679576178297,R,1.24629919647103,Utah,10948
Kane County,9,122.44897959183673,R,0.711250452771152,Utah,7350
Millard County,9,70.6824785989162,R,0.744322166797224,Utah,12733
Piute County,9,472.6890756302521,R,0.969279410445654,Utah,1904
San Juan County,13,85.07296642889864,R,0.754500566587932,Utah,15281
Sevier County,14,66.29415664362155,R,4.26798706634357,Utah,21118
Tooele County,46,70.56838229654062,R,3.62550648113495,Utah,65185
Uintah County,26,71.57999063953969,R,3.12877941698049,Utah,36323
Bath County,12,273.16184839517416,D,3.20510468976521,Virginia,4393
Highland County,9,406.5040650406504,D,2.05902366740942,Virginia,2214
Adams County,9,46.267735965453426,D,3.90155935164216,Washington,19452
Columbia County,9,224.94376405898527,D,1.7785188570349,Washington,4001
Ferry County,9,118.79619852164731,D,1.32764128162999,Washington,7576
Garfield County,9,404.67625899280574,D,1.20800308693456,Washington,2224
Klickitat County,11,51.411478781080575,D,4.41380703632912,Washington,21396
Lincoln County,12,114.99760421657882,D,1.7436941073872,Washington,10435
Okanogan County,46,110.4760074931553,D,3.05278394040318,Washington,41638
Pend Oreille County,17,128.60276874196234,D,3.64497325123599,Washington,13219
Skamania County,9,77.4526678141136,D,2.70554193468086,Washington,11620
Pendleton County,9,127.55102040816327,R,3.91399928461346,West Virginia,7056
Pocahontas County,9,105.49759699917946,R,3.50297042119041,West Virginia,8531
Webster County,9,105.65860530640995,R,5.94217668288447,West Virginia,8518
Ashland County,33,210.030549898167,S,5.80533448934766,Wisconsin,15712
Bayfield County,9,60.032017075773744,S,3.91671846314783,Wisconsin,14992
Florence County,9,207.51671662439475,S,3.43053998697445,Wisconsin,4337
Forest County,10,110.88933244621867,S,3.43297186091257,Wisconsin,9018
Iron County,37,647.419072615923,S,2.91032362375515,Wisconsin,5715
Price County,9,66.71608598962194,S,4.15334090277917,Wisconsin,13490
Rusk County,24,169.21666784178242,S,5.99427227779121,Wisconsin,14183
Sawyer County,26,158.82712278558338,S,5.02576337861919,Wisconsin,16370
Albany County,35,91.85869508162301,R,3.44177346352407,Wyoming,38102
Big Horn County,41,344.5088648012772,R,1.46479583574345,Wyoming,11901
Campbell County,100,209.60845141276096,R,3.83588328202555,Wyoming,47708
Carbon County,22,142.14641080312722,R,0.756628567615905,Wyoming,15477
Converse County,34,242.90919482746304,R,1.27011015707496,Wyoming,13997
Crook County,9,121.4574898785425,R,1.00229012513225,Wyoming,7410
Fremont County,78,194.63020261503144,R,1.68489993148913,Wyoming,40076
Goshen County,36,267.8970084834053,R,2.33124115363331,Wyoming,13438
Hot Springs County,9,192.30769230769232,R,0.901482712304166,Wyoming,4680
Johnson County,13,152.67175572519085,R,0.791415418674987,Wyoming,8515
Lincoln County,15,78.90168849613381,R,1.80112431796184,Wyoming,19011
Natrona County,325,403.17578464210396,R,5.82783477273144,Wyoming,80610
Niobrara County,9,367.6470588235294,R,0.359926920279315,Wyoming,2448
Park County,86,295.319528862333,R,1.62035138675428,Wyoming,29121
Platte County,22,253.66078634843768,R,1.60881432614948,Wyoming,8673
Sheridan County,69,229.90803678528587,R,4.59216805197077,Wyoming,30012
Sublette County,9,90.44317154054869,R,0.786271793661482,Wyoming,9951
Sweetwater County,83,188.1360926626924,R,1.63361480673333,Wyoming,44117
Teton County,15,65.05052257253134,R,2.22753868603816,Wyoming,23059
Uinta County,16,77.63598427871318,R,3.822404960518,Wyoming,20609
Washakie County,25,307.54090294009103,R,1.4020016308123,Wyoming,8129
Weston County,9,126.7605633802817,R,1.14316920440451,Wyoming,7100